{"train_loss": [1.6099636157353718, 1.6082462072372437, 1.6078441143035889, 1.6052721738815308, 1.6019855737686157, 1.6014153162638347, 1.5972981055577595, 1.598134954770406, 1.5922971566518147, 1.5785143375396729, 1.5495174725850422, 1.5714971621831257, 1.5040991306304932, 1.522138277689616, 1.5219001770019531, 1.5034299691518147, 1.4925265312194824, 1.4702296257019043, 1.4452561140060425, 1.4266485373179119, 1.4320016304651897, 1.4154225985209148, 1.401911695798238, 1.3885794878005981, 1.399227221806844, 1.3638696670532227, 1.3642252683639526, 1.3721959193547566, 1.3491228818893433, 1.3537444273630779, 1.3448892037073772, 1.3259098529815674, 1.3318322896957397, 1.308587908744812, 1.3014334042867024, 1.2729721466700237, 1.2944939136505127, 1.3427048921585083, 1.3650567928949993, 1.33830992380778, 1.3227818012237549, 1.2641587257385254, 1.2942335208257039, 1.3133463462193806, 1.2755199273427327, 1.240168293317159, 1.2670152982076008, 1.2491899728775024, 1.1788336038589478, 1.2815807660420735, 1.3268909454345703, 1.2545723915100098, 1.2408745288848877, 1.2509876489639282, 1.2721288601557414, 1.2440555493036907, 1.2620754639307659, 1.2595851421356201, 1.256910761197408, 1.3743414878845215, 1.4590749343236287, 1.6189794540405273, 1.4785089492797852, 1.4314982493718464, 1.4222037394841511, 1.4984370470046997, 1.4972811937332153, 1.469532052675883, 1.4555754661560059, 1.4261962175369263, 1.3907689253489177, 1.3766717513402302, 1.3388266166051228, 1.340525229771932, 1.3304707606633503, 1.3276426394780476, 1.3181808789571126, 1.3301130533218384, 1.3204774856567383, 1.3063116073608398, 1.3385806481043498, 1.3158504565556843, 1.329240361849467, 1.2785274982452393, 1.297216256459554, 1.2661581834157307, 1.297759731610616, 1.2959838310877483, 1.2596588929494221, 1.274474024772644], "test_loss": [1.6083984375, 1.6074128150939941, 1.6062216758728027, 1.6049062013626099, 1.6033908128738403, 1.602189540863037, 1.6003674268722534, 1.5979090929031372, 1.5926105976104736, 1.5827147960662842, 1.5539894104003906, 1.5570526123046875, 1.5613417625427246, 1.5666228532791138, 1.5736770629882812, 1.5863006114959717, 1.5638355016708374, 1.5942882299423218, 1.5728225708007812, 1.5470046997070312, 1.5293769836425781, 1.5124154090881348, 1.5100120306015015, 1.509580135345459, 1.5152400732040405, 1.5278297662734985, 1.545851230621338, 1.5587902069091797, 1.5735050439834595, 1.562723994255066, 1.5744597911834717, 1.5666954517364502, 1.5547490119934082, 1.545135498046875, 1.5274025201797485, 1.5875400304794312, 1.5832695960998535, 1.532570242881775, 1.5540379285812378, 1.5430779457092285, 1.5373600721359253, 1.5292363166809082, 1.5901477336883545, 1.5444207191467285, 1.5246955156326294, 1.5573786497116089, 1.5055878162384033, 1.530473232269287, 1.564707636833191, 1.4886924028396606, 1.4412059783935547, 1.348497986793518, 1.4747973680496216, 1.5124722719192505, 1.5169075727462769, 1.560176134109497, 1.5121036767959595, 1.5099563598632812, 1.5793159008026123, 1.7222588062286377, 2.0888049602508545, 1.7137306928634644, 1.574856162071228, 1.8540873527526855, 1.5153579711914062, 1.5250709056854248, 1.544490098953247, 1.549792766571045, 1.531281590461731, 1.504927158355713, 1.491894245147705, 1.4929927587509155, 1.4958781003952026, 1.5033444166183472, 1.5253338813781738, 1.5417263507843018, 1.540195107460022, 1.5359702110290527, 1.5359410047531128, 1.5455838441848755, 1.5113152265548706, 1.5374140739440918, 1.5068341493606567, 1.502165675163269, 1.4962865114212036, 1.4945387840270996, 1.5032597780227661, 1.51851224899292, 1.5531612634658813, 1.5560448169708252], "train_acc": [0.15476190476190477, 0.20238095238095238, 0.23809523809523808, 0.25, 0.25, 0.23809523809523808, 0.27380952380952384, 0.27380952380952384, 0.30952380952380953, 0.30952380952380953, 0.3333333333333333, 0.2976190476190476, 0.32142857142857145, 0.3333333333333333, 0.32142857142857145, 0.2976190476190476, 0.32142857142857145, 0.32142857142857145, 0.32142857142857145, 0.34523809523809523, 0.35714285714285715, 0.36904761904761907, 0.36904761904761907, 0.35714285714285715, 0.2976190476190476, 0.32142857142857145, 0.36904761904761907, 0.34523809523809523, 0.35714285714285715, 0.35714285714285715, 0.36904761904761907, 0.38095238095238093, 0.40476190476190477, 0.34523809523809523, 0.36904761904761907, 0.38095238095238093, 0.38095238095238093, 0.32142857142857145, 0.3333333333333333, 0.38095238095238093, 0.38095238095238093, 0.42857142857142855, 0.3333333333333333, 0.38095238095238093, 0.39285714285714285, 0.39285714285714285, 0.39285714285714285, 0.42857142857142855, 0.40476190476190477, 0.39285714285714285, 0.38095238095238093, 0.40476190476190477, 0.4523809523809524, 0.4166666666666667, 0.40476190476190477, 0.4523809523809524, 0.38095238095238093, 0.36904761904761907, 0.36904761904761907, 0.35714285714285715, 0.35714285714285715, 0.2619047619047619, 0.30952380952380953, 0.40476190476190477, 0.34523809523809523, 0.35714285714285715, 0.34523809523809523, 0.30952380952380953, 0.2976190476190476, 0.32142857142857145, 0.3333333333333333, 0.34523809523809523, 0.3333333333333333, 0.3333333333333333, 0.34523809523809523, 0.38095238095238093, 0.4166666666666667, 0.42857142857142855, 0.44047619047619047, 0.4523809523809524, 0.42857142857142855, 0.4642857142857143, 0.42857142857142855, 0.42857142857142855, 0.40476190476190477, 0.36904761904761907, 0.36904761904761907, 0.42857142857142855, 0.4642857142857143, 0.36904761904761907], "test_acc": [0.18181818181818182, 0.22727272727272727, 0.18181818181818182, 0.18181818181818182, 0.18181818181818182, 0.18181818181818182, 0.18181818181818182, 0.18181818181818182, 0.18181818181818182, 0.18181818181818182, 0.22727272727272727, 0.22727272727272727, 0.2727272727272727, 0.3181818181818182, 0.3181818181818182, 0.3181818181818182, 0.22727272727272727, 0.3181818181818182, 0.3181818181818182, 0.2727272727272727, 0.36363636363636365, 0.3181818181818182, 0.2727272727272727, 0.2727272727272727, 0.2727272727272727, 0.22727272727272727, 0.2727272727272727, 0.2727272727272727, 0.3181818181818182, 0.2727272727272727, 0.36363636363636365, 0.3181818181818182, 0.36363636363636365, 0.36363636363636365, 0.36363636363636365, 0.3181818181818182, 0.2727272727272727, 0.3181818181818182, 0.36363636363636365, 0.36363636363636365, 0.3181818181818182, 0.3181818181818182, 0.2727272727272727, 0.3181818181818182, 0.3181818181818182, 0.3181818181818182, 0.2727272727272727, 0.2727272727272727, 0.36363636363636365, 0.4090909090909091, 0.5, 0.5454545454545454, 0.45454545454545453, 0.4090909090909091, 0.4090909090909091, 0.3181818181818182, 0.36363636363636365, 0.36363636363636365, 0.4090909090909091, 0.3181818181818182, 0.18181818181818182, 0.22727272727272727, 0.36363636363636365, 0.2727272727272727, 0.4090909090909091, 0.45454545454545453, 0.2727272727272727, 0.3181818181818182, 0.2727272727272727, 0.4090909090909091, 0.4090909090909091, 0.36363636363636365, 0.4090909090909091, 0.3181818181818182, 0.3181818181818182, 0.4090909090909091, 0.45454545454545453, 0.3181818181818182, 0.2727272727272727, 0.2727272727272727, 0.2727272727272727, 0.13636363636363635, 0.2727272727272727, 0.2727272727272727, 0.2727272727272727, 0.2727272727272727, 0.2727272727272727, 0.2727272727272727, 0.36363636363636365, 0.36363636363636365],