{"train_loss": [1.6158754030863445, 1.6073061227798462, 1.6078482071558635, 1.6059984763463337, 1.6018999417622883, 1.600940426190694, 1.5997424920399983, 1.594903826713562, 1.5879036982854207, 1.5744096040725708, 1.5386795202891033, 1.5144120057423909, 1.5109705527623494, 1.5026360750198364, 1.5188432137171428, 1.487823446591695, 1.4942071437835693, 1.468692938486735, 1.4837929805119832, 1.471549391746521, 1.4443135261535645, 1.4323243300120037, 1.450340747833252, 1.426030198733012, 1.4423666795094807, 1.4114301602045696, 1.3776849110921223, 1.3732348680496216, 1.3707949717839558, 1.3714837233225505, 1.3570916652679443, 1.3458776871363323, 1.35407821337382, 1.4018903970718384, 1.3884071906407673, 1.4363264242808025, 1.4212299585342407, 1.4046711921691895, 1.3977301120758057, 1.3646706740061443, 1.3649553457895915, 1.3881011406580608, 1.3694119056065877, 1.3727177778879802, 1.3690874973932903, 1.3069645563761394, 1.353735089302063, 1.3333219687143962, 1.2903726895650227, 1.3027462561925252, 1.2861860593159993, 1.2942192554473877, 1.2841997941335042, 1.2772782643636067, 1.2278159856796265, 1.2524770498275757, 1.2051361004511516, 1.4881751537322998, 1.491629918416341, 1.4456233580907185, 1.4148122072219849, 1.3983084360758464, 1.3968132336934407, 1.3387380043665569, 1.330849528312683, 1.3101338942845662, 1.346572478612264, 1.3221379121144612, 1.29521640141805, 1.248443841934204, 1.325659155845642, 1.2730214595794678, 1.2567854324976604, 1.2531044880549114, 1.22855540116628, 1.1953686873118083, 1.1827466487884521, 1.2394448121388753, 1.2560186386108398, 1.203890363375346, 1.2770484288533528, 1.183016061782837, 1.2504266897837322, 1.1882439851760864, 1.1781875292460124, 1.3037338654200237, 1.1977020502090454, 1.1708430846532185, 1.1368486086527507, 1.1144007841746013], "test_loss": [1.6160342693328857, 1.6131914854049683, 1.6107642650604248, 1.60845947265625, 1.6064026355743408, 1.604124903678894, 1.6012070178985596, 1.5965114831924438, 1.5899949073791504, 1.5698200464248657, 1.5445019006729126, 1.533779501914978, 1.5149483680725098, 1.5407166481018066, 1.526072382926941, 1.5480707883834839, 1.5505741834640503, 1.5651264190673828, 1.573299527168274, 1.5532119274139404, 1.5308890342712402, 1.5198596715927124, 1.5155094861984253, 1.533972978591919, 1.522032618522644, 1.5259162187576294, 1.5284637212753296, 1.5399518013000488, 1.5372525453567505, 1.5347613096237183, 1.532395839691162, 1.537675380706787, 1.5667119026184082, 1.508894443511963, 1.547725796699524, 1.5519171953201294, 1.5534778833389282, 1.5846530199050903, 1.5425491333007812, 1.5812729597091675, 1.5386009216308594, 1.5338634252548218, 1.5372980833053589, 1.5490570068359375, 1.5480880737304688, 1.568822979927063, 1.591362714767456, 1.5410785675048828, 1.532994031906128, 1.5681407451629639, 1.5728977918624878, 1.5690232515335083, 1.5739071369171143, 1.6248561143875122, 1.5327550172805786, 1.5114480257034302, 1.8422088623046875, 1.6027469635009766, 1.5584079027175903, 1.5163418054580688, 1.5035170316696167, 1.5000933408737183, 1.4982813596725464, 1.592434048652649, 1.524072527885437, 1.5074065923690796, 1.5091646909713745, 1.5213749408721924, 1.55461847782135, 1.5200176239013672, 1.5689572095870972, 1.5496653318405151, 1.5826703310012817, 1.6423941850662231, 1.5561081171035767, 1.64118230342865, 1.5210093259811401, 1.5216313600540161, 1.5504006147384644, 1.680835247039795, 1.569126009941101, 1.5331611633300781, 1.5125290155410767, 1.4994258880615234, 1.6257842779159546, 1.888085126876831, 1.62152898311615, 1.4561878442764282, 1.5452739000320435, 1.4681129455566406], "train_acc": [0.19047619047619047, 0.19047619047619047, 0.23809523809523808, 0.2976190476190476, 0.34523809523809523, 0.36904761904761907, 0.36904761904761907, 0.32142857142857145, 0.32142857142857145, 0.32142857142857145, 0.2857142857142857, 0.3333333333333333, 0.34523809523809523, 0.3333333333333333, 0.32142857142857145, 0.34523809523809523, 0.35714285714285715, 0.3333333333333333, 0.34523809523809523, 0.30952380952380953, 0.32142857142857145, 0.35714285714285715, 0.34523809523809523, 0.36904761904761907, 0.34523809523809523, 0.3333333333333333, 0.36904761904761907, 0.34523809523809523, 0.3333333333333333, 0.34523809523809523, 0.35714285714285715, 0.35714285714285715, 0.34523809523809523, 0.34523809523809523, 0.35714285714285715, 0.40476190476190477, 0.36904761904761907, 0.35714285714285715, 0.34523809523809523, 0.3333333333333333, 0.36904761904761907, 0.3333333333333333, 0.35714285714285715, 0.35714285714285715, 0.35714285714285715, 0.32142857142857145, 0.3333333333333333, 0.3333333333333333, 0.35714285714285715, 0.35714285714285715, 0.36904761904761907, 0.38095238095238093, 0.4166666666666667, 0.39285714285714285, 0.38095238095238093, 0.4523809523809524, 0.4166666666666667, 0.30952380952380953, 0.27380952380952384, 0.2976190476190476, 0.35714285714285715, 0.42857142857142855, 0.44047619047619047, 0.42857142857142855, 0.38095238095238093, 0.40476190476190477, 0.40476190476190477, 0.39285714285714285, 0.39285714285714285, 0.40476190476190477, 0.38095238095238093, 0.39285714285714285, 0.39285714285714285, 0.39285714285714285, 0.44047619047619047, 0.47619047619047616, 0.4523809523809524, 0.47619047619047616, 0.4523809523809524, 0.44047619047619047, 0.42857142857142855, 0.4880952380952381, 0.5, 0.5, 0.5, 0.38095238095238093, 0.44047619047619047, 0.4880952380952381, 0.5476190476190477, 0.5], "test_acc": [0.18181818181818182, 0.18181818181818182, 0.36363636363636365, 0.36363636363636365, 0.2727272727272727, 0.22727272727272727, 0.22727272727272727, 0.18181818181818182, 0.18181818181818182, 0.18181818181818182, 0.18181818181818182, 0.3181818181818182, 0.3181818181818182, 0.22727272727272727, 0.3181818181818182, 0.4090909090909091, 0.36363636363636365, 0.2727272727272727, 0.2727272727272727, 0.2727272727272727, 0.36363636363636365, 0.3181818181818182, 0.4090909090909091, 0.22727272727272727, 0.2727272727272727, 0.4090909090909091, 0.4090909090909091, 0.36363636363636365, 0.4090909090909091, 0.4090909090909091, 0.4090909090909091, 0.4090909090909091, 0.4090909090909091, 0.36363636363636365, 0.2727272727272727, 0.36363636363636365, 0.36363636363636365, 0.36363636363636365, 0.4090909090909091, 0.3181818181818182, 0.2727272727272727, 0.4090909090909091, 0.4090909090909091, 0.36363636363636365, 0.36363636363636365, 0.36363636363636365, 0.2727272727272727, 0.2727272727272727, 0.3181818181818182, 0.2727272727272727, 0.3181818181818182, 0.4090909090909091, 0.36363636363636365, 0.2727272727272727, 0.4090909090909091, 0.36363636363636365, 0.36363636363636365, 0.2727272727272727, 0.3181818181818182, 0.3181818181818182, 0.45454545454545453, 0.5, 0.45454545454545453, 0.36363636363636365, 0.36363636363636365, 0.4090909090909091, 0.36363636363636365, 0.4090909090909091, 0.3181818181818182, 0.36363636363636365, 0.45454545454545453, 0.45454545454545453, 0.4090909090909091, 0.3181818181818182, 0.36363636363636365, 0.2727272727272727, 0.36363636363636365, 0.4090909090909091, 0.45454545454545453, 0.4090909090909091, 0.45454545454545453, 0.4090909090909091, 0.4090909090909091, 0.5, 0.36363636363636365, 0.36363636363636365, 0.4090909090909091, 0.5, 0.4090909090909091, 0.45454545454545453],