{"train_loss": [1.5982592503229778, 1.577725092569987, 1.5560195446014404, 1.533405065536499, 1.498652974764506, 1.4170397122701008, 1.3155198097229004, 1.16912180185318, 1.1279457410176594, 1.0227742393811543, 0.9741951624552408, 0.8929822047551473, 0.861219068368276, 0.7714066902796427, 0.8242875337600708, 0.776286760965983, 0.7729694445927938, 0.7612541119257609, 0.8253748416900635, 0.8744995991388956, 0.9242214759190878, 0.9005885124206543, 0.9163520733515421, 0.9321206410725912, 0.8494734962781271, 0.8752239346504211, 0.8353819052378336, 0.8026390671730042, 0.7893535296122233, 0.7606655756632487, 0.7550002932548523, 0.7517290314038595, 0.7227891286214193, 0.762914796670278, 0.7054988344510397, 0.6858809391657511, 0.6901272932688395, 0.6609151760737101, 0.6607345541318258, 0.6706128517786661, 0.638471523920695, 0.618240475654602, 0.6104533076286316, 0.6200540065765381, 0.633234977722168, 0.6116373340288798, 0.6125450531641642, 0.6238300800323486, 0.5759754379590353, 0.6149766643842062, 0.6179667313893636, 0.571003129084905, 0.5542354881763458, 0.5953801075617472, 0.5831723014513651, 0.5891565481821696, 0.622594932715098, 0.5526511172453562, 0.5411497950553894, 0.5338792105515798, 0.5599055786927541, 0.5486957828203837, 0.5244113802909851, 0.5281773010889689, 0.5777324040730795, 0.5499033629894257, 0.5773730476697286, 0.5402036706606547, 0.5586687127749125, 0.5204241275787354, 0.5179793437321981, 0.538148562113444, 0.510323186715444, 0.5044503708680471, 0.5264445543289185, 0.49822213252385456, 0.5113305946191152, 0.5125670731067657, 0.5035068392753601, 0.512061595916748, 0.46928025285402936, 0.48602097233136493, 0.4864641825358073, 0.4651365578174591, 0.45090139905611676, 0.49595826864242554, 0.44374120235443115, 0.4042322834332784, 0.4656154016653697, 0.4492470820744832], "test_loss": [1.589160442352295, 1.5747157335281372, 1.5578289031982422, 1.5363984107971191, 1.5069488286972046, 1.4656982421875, 1.381377935409546, 1.2974509000778198, 1.2358479499816895, 1.1862800121307373, 1.2248018980026245, 1.3469833135604858, 1.2201125621795654, 1.2571619749069214, 1.2048239707946777, 1.1926753520965576, 1.125942587852478, 1.1380199193954468, 1.1551140546798706, 1.209020733833313, 1.2304320335388184, 1.2394500970840454, 1.262050747871399, 1.2606755495071411, 1.226096749305725, 1.1992642879486084, 1.1836601495742798, 1.1832867860794067, 1.1940579414367676, 1.2387244701385498, 1.2439051866531372, 1.2280232906341553, 1.181251883506775, 1.1592345237731934, 1.2314095497131348, 1.3040274381637573, 1.3067171573638916, 1.195380687713623, 1.1313018798828125, 1.1198152303695679, 1.1345791816711426, 1.174375057220459, 1.251470685005188, 1.168786883354187, 1.183229923248291, 1.1840721368789673, 1.1739150285720825, 1.1798732280731201, 1.2012591361999512, 1.1953511238098145, 1.2058013677597046, 1.183644413948059, 1.1436413526535034, 1.142525553703308, 1.1944853067398071, 1.2698079347610474, 1.2165565490722656, 1.1910290718078613, 1.2059117555618286, 1.2124463319778442, 1.218232274055481, 1.2225368022918701, 1.2324565649032593, 1.261374831199646, 1.274516224861145, 1.262252926826477, 1.2531977891921997, 1.1064871549606323, 1.104793906211853, 1.1928366422653198, 1.1895047426223755, 1.1163272857666016, 1.0936237573623657, 1.1077473163604736, 1.1100640296936035, 1.094802737236023, 1.0776106119155884, 1.0705205202102661, 1.0704487562179565, 1.0561565160751343, 1.0435304641723633, 1.013150691986084, 0.9894118905067444, 1.0177093744277954, 1.0800265073776245, 1.0085850954055786, 0.960051953792572, 0.9635046124458313, 0.9728944301605225, 0.9870390295982361], "train_acc": [0.20238095238095238, 0.36904761904761907, 0.39285714285714285, 0.40476190476190477, 0.42857142857142855, 0.4642857142857143, 0.4523809523809524, 0.4523809523809524, 0.44047619047619047, 0.5238095238095238, 0.5952380952380952, 0.5952380952380952, 0.5714285714285714, 0.6190476190476191, 0.6547619047619048, 0.6785714285714286, 0.6071428571428571, 0.5952380952380952, 0.5952380952380952, 0.6309523809523809, 0.6071428571428571, 0.6190476190476191, 0.6547619047619048, 0.6428571428571429, 0.6309523809523809, 0.6547619047619048, 0.6309523809523809, 0.6666666666666666, 0.7023809523809523, 0.7261904761904762, 0.7142857142857143, 0.6904761904761905, 0.6785714285714286, 0.6547619047619048, 0.6904761904761905, 0.6904761904761905, 0.7023809523809523, 0.6666666666666666, 0.6785714285714286, 0.6785714285714286, 0.6904761904761905, 0.6785714285714286, 0.7023809523809523, 0.6666666666666666, 0.7023809523809523, 0.6904761904761905, 0.7023809523809523, 0.7023809523809523, 0.7023809523809523, 0.7023809523809523, 0.7023809523809523, 0.7023809523809523, 0.7023809523809523, 0.6904761904761905, 0.6904761904761905, 0.7023809523809523, 0.6904761904761905, 0.6904761904761905, 0.7261904761904762, 0.7142857142857143, 0.7023809523809523, 0.7142857142857143, 0.7261904761904762, 0.7738095238095238, 0.7619047619047619, 0.75, 0.75, 0.7023809523809523, 0.6785714285714286, 0.7023809523809523, 0.7261904761904762, 0.7380952380952381, 0.7261904761904762, 0.7023809523809523, 0.75, 0.7738095238095238, 0.7738095238095238, 0.7738095238095238, 0.7380952380952381, 0.7142857142857143, 0.7380952380952381, 0.7619047619047619, 0.75, 0.75, 0.7738095238095238, 0.7619047619047619, 0.8452380952380952, 0.8095238095238095, 0.7738095238095238, 0.7976190476190477], "test_acc": [0.2727272727272727, 0.3181818181818182, 0.36363636363636365, 0.36363636363636365, 0.4090909090909091, 0.5, 0.45454545454545453, 0.45454545454545453, 0.5454545454545454, 0.5, 0.45454545454545453, 0.36363636363636365, 0.4090909090909091, 0.45454545454545453, 0.5454545454545454, 0.45454545454545453, 0.4090909090909091, 0.45454545454545453, 0.45454545454545453, 0.45454545454545453, 0.5909090909090909, 0.6363636363636364, 0.6363636363636364, 0.5909090909090909, 0.6363636363636364, 0.6363636363636364, 0.6363636363636364, 0.6363636363636364, 0.6363636363636364, 0.6363636363636364, 0.6363636363636364, 0.5909090909090909, 0.5909090909090909, 0.5909090909090909, 0.5454545454545454, 0.5454545454545454, 0.5454545454545454, 0.5454545454545454, 0.5909090909090909, 0.5909090909090909, 0.5454545454545454, 0.5454545454545454, 0.5454545454545454, 0.5, 0.5, 0.5, 0.5454545454545454, 0.5454545454545454, 0.5454545454545454, 0.5454545454545454, 0.5454545454545454, 0.5454545454545454, 0.5909090909090909, 0.5909090909090909, 0.5454545454545454, 0.5, 0.5, 0.5454545454545454, 0.5454545454545454, 0.5454545454545454, 0.5454545454545454, 0.6818181818181818, 0.6363636363636364, 0.5454545454545454, 0.5909090909090909, 0.5909090909090909, 0.6363636363636364, 0.5454545454545454, 0.5454545454545454, 0.5, 0.5454545454545454, 0.5909090909090909, 0.5909090909090909, 0.5909090909090909, 0.5909090909090909, 0.5454545454545454, 0.5454545454545454, 0.6818181818181818, 0.5909090909090909, 0.6363636363636364, 0.7272727272727273, 0.6363636363636364, 0.6363636363636364, 0.7272727272727273, 0.6363636363636364, 0.7272727272727273, 0.7272727272727273, 0.6363636363636364, 0.6818181818181818, 0.7272727272727273],