{"train_loss": [1.6118238766988118, 1.544816533724467, 1.4830916325251262, 1.4193252325057983, 1.3394415378570557, 1.25001060962677, 1.1328473091125488, 1.0727943579355876, 1.0191356539726257, 0.9708525141080221, 0.9999281167984009, 0.9063869118690491, 0.8042523463567098, 0.7563985784848531, 0.6921573678652445, 0.6557995080947876, 0.6297342379887899, 0.5778889457384745, 0.5649749636650085, 0.5114942590395609, 0.4828023513158162, 0.4705948034922282, 0.43225060900052387, 0.42627861102422077, 0.3768333892027537, 0.3811655839284261, 0.3259995182355245, 0.3356863856315613, 0.2886805534362793, 0.3073908785978953, 0.26026100913683575, 0.2795946995417277, 0.23159505923589072, 0.21770387887954712, 0.1904282569885254, 0.16512203216552734, 0.14829045037428537, 0.12816829979419708, 0.12394979347785313, 0.10596311340729396, 0.0812166432539622, 0.07497233897447586, 0.058658493061860405, 0.050964247435331345, 0.04669013246893883, 0.040503801157077156, 0.03754060963789622, 0.03641150457163652, 0.03016106163462003, 0.026399544750650723, 0.024063594018419582, 0.029144855216145515, 0.046688612550497055, 0.4127904896934827, 0.26553074022134143, 0.40807324399550754, 0.32105422019958496, 0.21521110087633133, 0.2539798840880394, 0.2553937683502833, 0.18148323893547058, 0.1416218380133311, 0.1548424611488978, 0.12349942823251088, 0.09073458115259807, 0.0636999470492204, 0.05312413598100344, 0.0475498599310716, 0.044855654860536255, 0.037711115553975105, 0.03430562963088354, 0.028132006525993347, 0.026157050703962643, 0.022790273030598957, 0.021483607590198517, 0.019570992638667423, 0.01775140066941579, 0.016936680922905605, 0.015731481835246086, 0.016708162302772205, 0.014180721715092659, 0.06289666922142108, 0.014094269213577112, 0.09012544279297192, 0.05921631554762522, 0.054565182576576866, 0.0515367966145277, 0.0709056593477726, 0.07394071761518717, 0.06307338612775008], "test_loss": [1.5622833967208862, 1.5164467096328735, 1.4691932201385498, 1.414807915687561, 1.3461697101593018, 1.2595149278640747, 1.1742775440216064, 1.1269354820251465, 1.1391746997833252, 1.1312174797058105, 1.0594605207443237, 1.0725325345993042, 0.9840816855430603, 0.9607973694801331, 0.920668363571167, 0.8674356341362, 0.8181345462799072, 0.7890533208847046, 0.7776750922203064, 0.7536714673042297, 0.7347572445869446, 0.7151641249656677, 0.7043610215187073, 0.7299355864524841, 0.7584300637245178, 0.6255474090576172, 0.6662358641624451, 0.6647388339042664, 0.6549619436264038, 0.5872722864151001, 0.5534435510635376, 0.5623286962509155, 0.5940133929252625, 0.6283501982688904, 0.6151198744773865, 0.6039844155311584, 0.6079335808753967, 0.618415117263794, 0.5840280652046204, 0.5566623210906982, 0.5347450375556946, 0.5296805500984192, 0.5437104105949402, 0.5471239686012268, 0.5397441983222961, 0.5413544178009033, 0.5429909825325012, 0.5420513153076172, 0.5389975905418396, 0.5477731227874756, 0.5583539605140686, 0.5555448532104492, 0.5413143634796143, 0.7570979595184326, 0.6404752135276794, 0.9416391253471375, 0.7693586349487305, 0.6710339188575745, 0.6074258089065552, 0.7062608599662781, 0.6275092959403992, 0.6157624125480652, 0.5015615224838257, 0.45923569798469543, 0.4051753878593445, 0.39684590697288513, 0.42985960841178894, 0.512877345085144, 0.5366091728210449, 0.496008962392807, 0.47580721974372864, 0.4684458076953888, 0.47544190287590027, 0.4911787807941437, 0.5048640966415405, 0.5140588283538818, 0.5166721940040588, 0.5176541209220886, 0.5145940780639648, 0.5116900205612183, 0.5115496516227722, 0.4807409942150116, 0.40011370182037354, 0.32171908020973206, 0.33726826310157776, 0.3557640016078949, 0.37267163395881653, 0.4706517159938812, 0.49131202697753906, 0.5226953029632568], "train_acc": [0.17857142857142858, 0.38095238095238093, 0.5238095238095238, 0.5357142857142857, 0.5357142857142857, 0.5595238095238095, 0.5476190476190477, 0.5952380952380952, 0.6309523809523809, 0.6547619047619048, 0.6190476190476191, 0.6547619047619048, 0.7142857142857143, 0.7023809523809523, 0.7261904761904762, 0.7261904761904762, 0.7380952380952381, 0.7023809523809523, 0.7261904761904762, 0.75, 0.7857142857142857, 0.7857142857142857, 0.8214285714285714, 0.7976190476190477, 0.8214285714285714, 0.8690476190476191, 0.8690476190476191, 0.8690476190476191, 0.8809523809523809, 0.8928571428571429, 0.8928571428571429, 0.8809523809523809, 0.9166666666666666, 0.9285714285714286, 0.9404761904761905, 0.9642857142857143, 0.9642857142857143, 0.9761904761904762, 0.9642857142857143, 0.9761904761904762, 0.9880952380952381, 0.9880952380952381, 0.9880952380952381, 0.9880952380952381, 0.9880952380952381, 0.9880952380952381, 1.0, 0.9880952380952381, 1.0, 1.0, 1.0, 0.9880952380952381, 0.9880952380952381, 0.9285714285714286, 0.9166666666666666, 0.9285714285714286, 0.9285714285714286, 0.9404761904761905, 0.9166666666666666, 0.9047619047619048, 0.9404761904761905, 0.9642857142857143, 0.9761904761904762, 0.9880952380952381, 0.9880952380952381, 0.9880952380952381, 1.0, 0.9880952380952381, 0.9880952380952381, 0.9880952380952381, 1.0, 1.0, 1.0, 1.0, 1.0, 1.0, 1.0, 1.0, 1.0, 1.0, 1.0, 0.9880952380952381, 1.0, 0.9880952380952381, 0.9880952380952381, 0.9880952380952381, 0.9880952380952381, 0.9880952380952381, 0.9761904761904762, 0.9761904761904762], "test_acc": [0.4090909090909091, 0.45454545454545453, 0.5454545454545454, 0.5454545454545454, 0.5454545454545454, 0.5454545454545454, 0.5454545454545454, 0.5, 0.5, 0.45454545454545453, 0.45454545454545453, 0.5, 0.5454545454545454, 0.5909090909090909, 0.5909090909090909, 0.6818181818181818, 0.6363636363636364, 0.5909090909090909, 0.6363636363636364, 0.6363636363636364, 0.6818181818181818, 0.7272727272727273, 0.7272727272727273, 0.7272727272727273, 0.7727272727272727, 0.8181818181818182, 0.7272727272727273, 0.6818181818181818, 0.8181818181818182, 0.8181818181818182, 0.7727272727272727, 0.7727272727272727, 0.8181818181818182, 0.7272727272727273, 0.6818181818181818, 0.7727272727272727, 0.7727272727272727, 0.7727272727272727, 0.7727272727272727, 0.7727272727272727, 0.8181818181818182, 0.8636363636363636, 0.8636363636363636, 0.8636363636363636, 0.8636363636363636, 0.8636363636363636, 0.8181818181818182, 0.8181818181818182, 0.8181818181818182, 0.8181818181818182, 0.8181818181818182, 0.8181818181818182, 0.8181818181818182, 0.8181818181818182, 0.8636363636363636, 0.7727272727272727, 0.7272727272727273, 0.7727272727272727, 0.7727272727272727, 0.6818181818181818, 0.7272727272727273, 0.7727272727272727, 0.8181818181818182, 0.8181818181818182, 0.8636363636363636, 0.8636363636363636, 0.8636363636363636, 0.8181818181818182, 0.8181818181818182, 0.8181818181818182, 0.8181818181818182, 0.8636363636363636, 0.8181818181818182, 0.7727272727272727, 0.7727272727272727, 0.7727272727272727, 0.7727272727272727, 0.8181818181818182, 0.8181818181818182, 0.8181818181818182, 0.8181818181818182, 0.8181818181818182, 0.8181818181818182, 0.8636363636363636, 0.8636363636363636, 0.8636363636363636, 0.8636363636363636, 0.8181818181818182, 0.8181818181818182, 0.7727272727272727],