{"train_loss": [1.6164870659510295, 1.535845677057902, 1.4707537094751995, 1.3841540018717449, 1.2896007299423218, 1.1718651056289673, 1.0520379543304443, 0.9965617855389913, 0.9930908481280009, 0.9055948456128439, 0.8066995739936829, 0.7596854368845621, 0.7253309090932211, 0.6217258969942728, 0.5694617430369059, 0.5481240351994833, 0.5291006167729696, 0.4431673487027486, 0.44962135950724286, 0.40709232290585834, 0.3688339094320933, 0.34748990337053937, 0.31259951988856, 0.2880169749259949, 0.24711750447750092, 0.22260750830173492, 0.21822352707386017, 0.20090720057487488, 0.1884413262208303, 0.1777379810810089, 0.16899399956067404, 0.15465286622444788, 0.28844882051150006, 0.28391526142756146, 0.2551676382621129, 0.212046151359876, 0.1790714462598165, 0.1656209578116735, 0.24709416925907135, 0.1995739663640658, 0.42048053940137226, 0.2775871654351552, 0.4117648700873057, 0.41513845324516296, 0.286782165368398, 0.2723704179128011, 0.2484868417183558, 0.28571851551532745, 0.2686800956726074, 0.21503386398156485, 0.3649940292040507, 0.7311890125274658, 0.35769838094711304, 0.344219446182251, 0.42331769069035846, 0.31942113240559894, 0.26877732078234357, 0.26350662112236023, 0.2338502655426661, 0.21110420425732931, 0.20188582440217337, 0.19495104749997458, 0.17075273394584656, 0.1596107135216395, 0.15167456616957983, 0.17189707358678183, 0.16077426075935364, 0.17943180600802103, 0.15908962736527124, 0.15270202482740083, 0.125680240492026, 0.1384904533624649, 0.1382749875386556, 0.13494516909122467, 0.09992328161994617, 0.09929923216501872, 0.10630341370900472, 0.08985007057587306, 0.09392621368169785, 0.07755265384912491, 0.08441799382368724, 0.07311534136533737, 0.0705370120704174, 0.06720024347305298, 0.06378025996188323, 0.061795427153507866, 0.05930630303919315, 0.06369548166791598, 0.06239586075146993, 0.0608159564435482], "test_loss": [1.5782783031463623, 1.53424870967865, 1.4833828210830688, 1.4189656972885132, 1.3313313722610474, 1.2447580099105835, 1.1874454021453857, 1.160542368888855, 1.1994171142578125, 1.115204930305481, 1.2757703065872192, 1.2636370658874512, 1.11786949634552, 0.9861005544662476, 0.8756706714630127, 0.8187829852104187, 0.8046281337738037, 0.7333488464355469, 0.7267085313796997, 0.6994717121124268, 0.6711164116859436, 0.6470549702644348, 0.648809015750885, 0.6721412539482117, 0.6911627054214478, 0.7233549356460571, 0.8001134991645813, 0.7471080422401428, 0.7540374994277954, 0.7121152281761169, 0.5333114266395569, 0.6267518401145935, 0.6616107821464539, 0.5827961564064026, 0.39001700282096863, 0.4443105459213257, 0.6670171618461609, 0.6888465881347656, 0.3162761926651001, 0.9948745369911194, 0.7716863751411438, 0.5815557241439819, 0.5588458180427551, 0.44225597381591797, 0.4329584240913391, 0.48785486817359924, 0.7749924063682556, 0.7279373407363892, 0.6156784892082214, 0.6108399629592896, 1.6944420337677002, 0.9542834758758545, 0.5798729062080383, 0.8406203985214233, 0.7422716617584229, 0.5459321737289429, 0.5328651070594788, 0.533258855342865, 0.5415416359901428, 0.5630818009376526, 0.5555661916732788, 0.5335489511489868, 0.5347567200660706, 0.5311205387115479, 0.5369898080825806, 0.5884692072868347, 0.6300078630447388, 0.6323229670524597, 0.6050906777381897, 0.533084511756897, 0.5033091902732849, 0.5099050402641296, 0.5163517594337463, 0.5080358386039734, 0.5055563449859619, 0.5258226990699768, 0.5318176746368408, 0.5426912903785706, 0.5237963199615479, 0.5155565738677979, 0.5130512118339539, 0.5127349495887756, 0.5128673911094666, 0.5121919512748718, 0.5108217597007751, 0.5114837884902954, 0.5104230642318726, 0.5156310796737671, 0.5150112509727478, 0.5269535183906555], "train_acc": [0.20238095238095238, 0.30952380952380953, 0.47619047619047616, 0.5357142857142857, 0.5714285714285714, 0.5833333333333334, 0.6190476190476191, 0.6071428571428571, 0.6666666666666666, 0.6904761904761905, 0.6904761904761905, 0.7023809523809523, 0.75, 0.7619047619047619, 0.7857142857142857, 0.7976190476190477, 0.8095238095238095, 0.8214285714285714, 0.7976190476190477, 0.8095238095238095, 0.8452380952380952, 0.8571428571428571, 0.8809523809523809, 0.9047619047619048, 0.9166666666666666, 0.9166666666666666, 0.9166666666666666, 0.9166666666666666, 0.9285714285714286, 0.9285714285714286, 0.9523809523809523, 0.9404761904761905, 0.9285714285714286, 0.9285714285714286, 0.9285714285714286, 0.9285714285714286, 0.9285714285714286, 0.9404761904761905, 0.9166666666666666, 0.9285714285714286, 0.8452380952380952, 0.8928571428571429, 0.8571428571428571, 0.8690476190476191, 0.8690476190476191, 0.8809523809523809, 0.8809523809523809, 0.8809523809523809, 0.9166666666666666, 0.9285714285714286, 0.8690476190476191, 0.7023809523809523, 0.8095238095238095, 0.8571428571428571, 0.8690476190476191, 0.9047619047619048, 0.9166666666666666, 0.9285714285714286, 0.9404761904761905, 0.9404761904761905, 0.9285714285714286, 0.9404761904761905, 0.9642857142857143, 0.9523809523809523, 0.9523809523809523, 0.9523809523809523, 0.9523809523809523, 0.9523809523809523, 0.9523809523809523, 0.9523809523809523, 0.9642857142857143, 0.9642857142857143, 0.9642857142857143, 0.9642857142857143, 0.9761904761904762, 0.9761904761904762, 0.9761904761904762, 0.9761904761904762, 0.9761904761904762, 0.9761904761904762, 0.9761904761904762, 0.9761904761904762, 0.9761904761904762, 0.9761904761904762, 0.9761904761904762, 0.9761904761904762, 0.9761904761904762, 0.9761904761904762, 0.9761904761904762, 0.9761904761904762], "test_acc": [0.22727272727272727, 0.36363636363636365, 0.36363636363636365, 0.3181818181818182, 0.4090909090909091, 0.4090909090909091, 0.45454545454545453, 0.5, 0.36363636363636365, 0.5454545454545454, 0.45454545454545453, 0.5454545454545454, 0.5909090909090909, 0.6363636363636364, 0.7272727272727273, 0.7727272727272727, 0.7272727272727273, 0.8181818181818182, 0.7727272727272727, 0.7727272727272727, 0.7727272727272727, 0.8181818181818182, 0.8181818181818182, 0.7727272727272727, 0.7727272727272727, 0.7727272727272727, 0.7727272727272727, 0.7727272727272727, 0.7727272727272727, 0.7272727272727273, 0.8181818181818182, 0.7727272727272727, 0.7727272727272727, 0.7727272727272727, 0.8636363636363636, 0.8181818181818182, 0.7727272727272727, 0.8181818181818182, 0.9545454545454546, 0.6818181818181818, 0.7272727272727273, 0.8636363636363636, 0.8636363636363636, 0.8181818181818182, 0.8636363636363636, 0.8181818181818182, 0.7272727272727273, 0.7727272727272727, 0.8181818181818182, 0.8636363636363636, 0.5454545454545454, 0.6818181818181818, 0.7727272727272727, 0.6818181818181818, 0.6818181818181818, 0.7272727272727273, 0.7727272727272727, 0.7727272727272727, 0.7727272727272727, 0.7272727272727273, 0.7272727272727273, 0.7727272727272727, 0.7727272727272727, 0.7727272727272727, 0.7727272727272727, 0.7272727272727273, 0.7272727272727273, 0.7272727272727273, 0.7272727272727273, 0.7727272727272727, 0.8181818181818182, 0.8181818181818182, 0.8181818181818182, 0.8181818181818182, 0.8181818181818182, 0.8181818181818182, 0.8181818181818182, 0.7727272727272727, 0.8181818181818182, 0.8181818181818182, 0.8181818181818182, 0.8181818181818182, 0.8181818181818182, 0.8181818181818182, 0.8181818181818182, 0.8181818181818182, 0.8636363636363636, 0.8636363636363636, 0.8181818181818182, 0.8181818181818182],