{"train_loss": [1.6110702753067017, 1.5491002400716145, 1.500842769940694, 1.4305702050526936, 1.3525196711222331, 1.2305516004562378, 1.1149173974990845, 1.045772949854533, 0.9721091985702515, 0.8997346957524618, 0.851697305838267, 0.7770236531893412, 0.6963438193003336, 0.6512743631998698, 0.5947486758232117, 0.5824057360490164, 0.5037777523199717, 0.5350021620591482, 0.48365949591000873, 0.43216070532798767, 0.3824529747168223, 0.3470616539319356, 0.38546712199846905, 0.30027537047863007, 0.3286668260892232, 0.27856860558191937, 0.26525022089481354, 0.22618686656157175, 0.2152622640132904, 0.19449151555697122, 0.1972941756248474, 0.15650022526582083, 0.13825234274069467, 0.12441784888505936, 0.15583889186382294, 0.10540989538033803, 0.08244706441958745, 0.10620951404174168, 0.11169646680355072, 0.12193143119414647, 0.09576763461033504, 0.06483344733715057, 0.0734526701271534, 0.07761466999848683, 0.07496161510547002, 0.145993052671353, 0.10906384885311127, 0.15963625038663545, 0.3167640417814255, 0.17771773040294647, 0.2377766172091166, 0.1482160190741221, 0.1426532343029976, 0.11600096275409062, 0.0978964368502299, 0.06852662190794945, 0.056721072643995285, 0.050559101005395256, 0.04614570612708727, 0.037877339869737625, 0.07228095084428787, 0.052802952006459236, 0.025648633639017742, 0.025154586881399155, 0.02219045503685872, 0.020327065760890644, 0.02253272384405136, 0.019506830101211865, 0.015509894117712975, 0.014239924649397532, 0.01329071664561828, 0.012346351829667887, 0.026998549389342468, 0.015682140986124676, 0.014841321234901747, 0.013327166748543581, 0.0507961834470431, 0.011718919190267721, 0.010726059476534525, 0.01391286247720321, 0.011899883858859539, 0.009392501165469488, 0.008745995350182056, 0.007457009671876828, 0.007033292204141617, 0.006937497140218814, 0.006438789889216423, 0.006451740395277739, 0.005732537557681401, 0.005646902912606795], "test_loss": [1.6068934202194214, 1.5655781030654907, 1.523972749710083, 1.4712135791778564, 1.4006166458129883, 1.3112674951553345, 1.2359538078308105, 1.1953303813934326, 1.1681456565856934, 1.1452823877334595, 1.132013201713562, 1.0635905265808105, 1.0174106359481812, 0.9912397265434265, 0.9861526489257812, 0.950054943561554, 0.89751797914505, 0.8954756259918213, 0.8891494274139404, 0.8608871698379517, 0.8831272125244141, 0.9065983295440674, 0.9032800793647766, 0.8649850487709045, 0.8874855041503906, 0.8361402153968811, 0.8750547766685486, 0.8914794325828552, 0.905032217502594, 0.9725112318992615, 0.8948565125465393, 0.9807386994361877, 0.9119085073471069, 0.9972764849662781, 0.9189199805259705, 0.8331714272499084, 0.8476095795631409, 0.7774373888969421, 0.9747661352157593, 0.907313883304596, 0.8020026683807373, 0.8128696084022522, 0.696046769618988, 0.6894590854644775, 0.6394082903862, 0.560642421245575, 0.7773522734642029, 0.8027320504188538, 0.8744630217552185, 0.6601965427398682, 0.7154199481010437, 0.8099092841148376, 0.8820130825042725, 0.8176729083061218, 0.8238287568092346, 0.7455124258995056, 0.613595187664032, 0.5726719498634338, 0.568263828754425, 0.5722208619117737, 0.5624398589134216, 0.4696918725967407, 0.45105820894241333, 0.44854822754859924, 0.44897013902664185, 0.48784682154655457, 0.5190029740333557, 0.6012775897979736, 0.6557541489601135, 0.6699557304382324, 0.67379230260849, 0.6528165936470032, 0.5210369229316711, 0.4692564904689789, 0.4690872132778168, 0.4682927429676056, 0.46642300486564636, 0.4648124873638153, 0.46592047810554504, 0.46663475036621094, 0.46485331654548645, 0.462178111076355, 0.4610164761543274, 0.46098822355270386, 0.46100881695747375, 0.4613610506057739, 0.46262991428375244, 0.4655320942401886, 0.46915024518966675, 0.47322142124176025], "train_acc": [0.2857142857142857, 0.42857142857142855, 0.4642857142857143, 0.4880952380952381, 0.5476190476190477, 0.5595238095238095, 0.5714285714285714, 0.6071428571428571, 0.6309523809523809, 0.6428571428571429, 0.7261904761904762, 0.7261904761904762, 0.7380952380952381, 0.7380952380952381, 0.7380952380952381, 0.7261904761904762, 0.7976190476190477, 0.7738095238095238, 0.8214285714285714, 0.8571428571428571, 0.8571428571428571, 0.8571428571428571, 0.8690476190476191, 0.8809523809523809, 0.8809523809523809, 0.9047619047619048, 0.8928571428571429, 0.9047619047619048, 0.9166666666666666, 0.9523809523809523, 0.9642857142857143, 0.9523809523809523, 0.9642857142857143, 0.9761904761904762, 0.9523809523809523, 0.9761904761904762, 0.9880952380952381, 0.9642857142857143, 0.9761904761904762, 0.9523809523809523, 0.9761904761904762, 0.9880952380952381, 0.9761904761904762, 0.9761904761904762, 0.9880952380952381, 0.9642857142857143, 0.9761904761904762, 0.9523809523809523, 0.9404761904761905, 0.9642857142857143, 0.9404761904761905, 0.9642857142857143, 0.9523809523809523, 0.9523809523809523, 0.9880952380952381, 1.0, 1.0, 1.0, 1.0, 1.0, 0.9880952380952381, 0.9880952380952381, 1.0, 1.0, 1.0, 1.0, 1.0, 1.0, 1.0, 1.0, 1.0, 1.0, 0.9880952380952381, 1.0, 1.0, 1.0, 0.9880952380952381, 1.0, 1.0, 1.0, 1.0, 1.0, 1.0, 1.0, 1.0, 1.0, 1.0, 1.0, 1.0, 1.0], "test_acc": [0.3181818181818182, 0.3181818181818182, 0.3181818181818182, 0.3181818181818182, 0.3181818181818182, 0.3181818181818182, 0.3181818181818182, 0.36363636363636365, 0.45454545454545453, 0.5454545454545454, 0.5909090909090909, 0.5909090909090909, 0.6363636363636364, 0.6363636363636364, 0.5909090909090909, 0.7272727272727273, 0.7272727272727273, 0.7272727272727273, 0.6818181818181818, 0.6818181818181818, 0.7727272727272727, 0.7272727272727273, 0.7272727272727273, 0.7272727272727273, 0.7727272727272727, 0.7727272727272727, 0.7272727272727273, 0.7272727272727273, 0.7272727272727273, 0.7272727272727273, 0.7727272727272727, 0.7272727272727273, 0.7727272727272727, 0.7272727272727273, 0.7272727272727273, 0.7727272727272727, 0.7727272727272727, 0.7727272727272727, 0.6818181818181818, 0.7727272727272727, 0.7727272727272727, 0.7727272727272727, 0.8181818181818182, 0.8181818181818182, 0.8181818181818182, 0.7727272727272727, 0.7727272727272727, 0.7727272727272727, 0.7272727272727273, 0.8181818181818182, 0.8181818181818182, 0.7727272727272727, 0.7272727272727273, 0.7272727272727273, 0.7727272727272727, 0.7727272727272727, 0.8181818181818182, 0.8181818181818182, 0.8181818181818182, 0.8181818181818182, 0.8181818181818182, 0.8636363636363636, 0.8636363636363636, 0.8636363636363636, 0.8636363636363636, 0.8636363636363636, 0.8636363636363636, 0.8181818181818182, 0.8181818181818182, 0.8181818181818182, 0.8181818181818182, 0.8181818181818182, 0.8181818181818182, 0.8636363636363636, 0.8636363636363636, 0.8636363636363636, 0.8636363636363636, 0.8636363636363636, 0.8636363636363636, 0.8636363636363636, 0.8636363636363636, 0.8636363636363636, 0.8636363636363636, 0.8636363636363636, 0.8636363636363636, 0.8636363636363636, 0.8636363636363636, 0.8636363636363636, 0.8636363636363636, 0.8636363636363636],