{"train_loss": [1.613674561182658, 1.5718246698379517, 1.5360757112503052, 1.4949065446853638, 1.4444664319356282, 1.3845425049463909, 1.3055119117101033, 1.231712539990743, 1.1371965408325195, 1.0220553874969482, 0.949185848236084, 0.8889013926188151, 0.8387226263682047, 0.8379919131596884, 0.7641543745994568, 0.7503896951675415, 0.6892650127410889, 0.6702087918917338, 0.6553763747215271, 0.5794508854548136, 0.526291032632192, 0.5200444360574087, 0.5660798648993174, 0.5217294196287791, 0.4460454781850179, 0.6206244627634684, 0.5563149650891622, 0.4404025971889496, 0.3634098668893178, 0.41456010440985364, 0.3316505153973897, 0.420853594938914, 0.45774102210998535, 0.5534519751866659, 0.43837664524714154, 0.4940081636110942, 0.5904767711957296, 0.5822968482971191, 0.5567912956078848, 0.4950127899646759, 0.47340630491574603, 0.4408973654111226, 0.4117043415705363, 0.3941747446854909, 0.4311450868844986, 0.3535122573375702, 0.3466963867346446, 0.345048651099205, 0.3134648601214091, 0.4390580753485362, 0.5781477689743042, 0.46679578224817914, 0.34329820175965625, 0.2644891291856766, 0.24952625731627145, 0.24868947764237723, 0.25215176741282147, 0.2432291011015574, 0.23971512913703918, 0.21811623374621072, 0.20666692157586417, 0.20115907490253448, 0.20536090433597565, 0.20382305483023325, 0.164993803948164, 0.15751026819149652, 0.17949961125850677, 0.14700808127721152, 0.14942595859368643, 0.15614437560240427, 0.1314870541294416, 0.15019027888774872, 0.1446679284175237, 0.11776156971851985, 0.11839613566795985, 0.11282055949171384, 0.1504252851009369, 0.13879112154245377, 0.1054376947383086, 0.10483443488677342, 0.10340735564629237, 0.15694532046715418, 0.12891819328069687, 0.09800526313483715, 0.10168523838122685, 0.11426621675491333, 0.0999669370551904, 0.11398451775312424, 0.09681061158577602, 0.09145298476020496], "test_loss": [1.6054930686950684, 1.5751633644104004, 1.5463024377822876, 1.5169349908828735, 1.4904578924179077, 1.4819587469100952, 1.4500163793563843, 1.4000822305679321, 1.360697627067566, 1.3355666399002075, 1.2238363027572632, 1.1051795482635498, 1.1880167722702026, 1.3418422937393188, 1.060394287109375, 0.9481797814369202, 0.952036440372467, 0.9699733257293701, 0.9562738537788391, 0.9359422326087952, 0.9983014464378357, 1.1182706356048584, 1.175838589668274, 1.0140516757965088, 0.9863739013671875, 0.9531491994857788, 1.056728482246399, 1.0394654273986816, 1.0053610801696777, 1.021121859550476, 0.9955186247825623, 1.0469201803207397, 1.1670799255371094, 1.1173450946807861, 1.2570117712020874, 0.9729343056678772, 0.8820787072181702, 0.8599529266357422, 0.8884344100952148, 0.9132095575332642, 0.9257339239120483, 0.9257844686508179, 0.9103614687919617, 1.0643565654754639, 1.0453424453735352, 0.8281373977661133, 0.8024764657020569, 0.8221151232719421, 0.8727220296859741, 1.0921733379364014, 1.1544642448425293, 1.1855583190917969, 0.9046755433082581, 0.8989389538764954, 0.8873158097267151, 0.8836430907249451, 0.8861412405967712, 0.8949574828147888, 0.9054403901100159, 0.9177021384239197, 0.9334609508514404, 0.9478253722190857, 0.958513081073761, 0.9672674536705017, 0.9804332256317139, 0.9956154227256775, 1.01372492313385, 1.0349397659301758, 1.056348443031311, 1.0774818658828735, 1.0951441526412964, 1.1108765602111816, 1.1280344724655151, 1.146314024925232, 1.1607632637023926, 1.1736773252487183, 1.1810942888259888, 1.1883487701416016, 1.1893199682235718, 1.1947413682937622, 1.208450436592102, 1.2214546203613281, 1.2255339622497559, 1.237930178642273, 1.2287869453430176, 1.2317830324172974, 1.2450282573699951, 1.2589492797851562, 1.269476056098938, 1.282394528388977], "train_acc": [0.17857142857142858, 0.35714285714285715, 0.5, 0.5119047619047619, 0.5, 0.5119047619047619, 0.5595238095238095, 0.6071428571428571, 0.6428571428571429, 0.7142857142857143, 0.7142857142857143, 0.7142857142857143, 0.7261904761904762, 0.6904761904761905, 0.7261904761904762, 0.7142857142857143, 0.7619047619047619, 0.7619047619047619, 0.75, 0.7142857142857143, 0.75, 0.7857142857142857, 0.7738095238095238, 0.7976190476190477, 0.8095238095238095, 0.7738095238095238, 0.8095238095238095, 0.8333333333333334, 0.8809523809523809, 0.8571428571428571, 0.8928571428571429, 0.8452380952380952, 0.8333333333333334, 0.8214285714285714, 0.8333333333333334, 0.7976190476190477, 0.7619047619047619, 0.7261904761904762, 0.7738095238095238, 0.8214285714285714, 0.8452380952380952, 0.8214285714285714, 0.8928571428571429, 0.8809523809523809, 0.8809523809523809, 0.8928571428571429, 0.8809523809523809, 0.8809523809523809, 0.8928571428571429, 0.8571428571428571, 0.8333333333333334, 0.8452380952380952, 0.8809523809523809, 0.9047619047619048, 0.9166666666666666, 0.9285714285714286, 0.9285714285714286, 0.9285714285714286, 0.9285714285714286, 0.9285714285714286, 0.9285714285714286, 0.9285714285714286, 0.9285714285714286, 0.9285714285714286, 0.9404761904761905, 0.9523809523809523, 0.9523809523809523, 0.9523809523809523, 0.9642857142857143, 0.9642857142857143, 0.9642857142857143, 0.9642857142857143, 0.9642857142857143, 0.9642857142857143, 0.9761904761904762, 0.9761904761904762, 0.9642857142857143, 0.9761904761904762, 0.9761904761904762, 0.9761904761904762, 0.9761904761904762, 0.9642857142857143, 0.9761904761904762, 0.9761904761904762, 0.9761904761904762, 0.9761904761904762, 0.9761904761904762, 0.9761904761904762, 0.9761904761904762, 0.9761904761904762], "test_acc": [0.22727272727272727, 0.2727272727272727, 0.45454545454545453, 0.45454545454545453, 0.45454545454545453, 0.4090909090909091, 0.4090909090909091, 0.45454545454545453, 0.5454545454545454, 0.5909090909090909, 0.6363636363636364, 0.5454545454545454, 0.5, 0.5, 0.5454545454545454, 0.6818181818181818, 0.7272727272727273, 0.6818181818181818, 0.6818181818181818, 0.7727272727272727, 0.7272727272727273, 0.6818181818181818, 0.6363636363636364, 0.7272727272727273, 0.7272727272727273, 0.7727272727272727, 0.7272727272727273, 0.7272727272727273, 0.7272727272727273, 0.7272727272727273, 0.7272727272727273, 0.7272727272727273, 0.6363636363636364, 0.6818181818181818, 0.6363636363636364, 0.6818181818181818, 0.7272727272727273, 0.6818181818181818, 0.6363636363636364, 0.6363636363636364, 0.6363636363636364, 0.6818181818181818, 0.6818181818181818, 0.6818181818181818, 0.6818181818181818, 0.7727272727272727, 0.7727272727272727, 0.7727272727272727, 0.7272727272727273, 0.6818181818181818, 0.5909090909090909, 0.6363636363636364, 0.7272727272727273, 0.7272727272727273, 0.7272727272727273, 0.7272727272727273, 0.7272727272727273, 0.7272727272727273, 0.7272727272727273, 0.7272727272727273, 0.7272727272727273, 0.7272727272727273, 0.7272727272727273, 0.7272727272727273, 0.7272727272727273, 0.7272727272727273, 0.7272727272727273, 0.7272727272727273, 0.7272727272727273, 0.7272727272727273, 0.7272727272727273, 0.7272727272727273, 0.7272727272727273, 0.7272727272727273, 0.7272727272727273, 0.7272727272727273, 0.7272727272727273, 0.7272727272727273, 0.7272727272727273, 0.7272727272727273, 0.7272727272727273, 0.7272727272727273, 0.7272727272727273, 0.7272727272727273, 0.7272727272727273, 0.7272727272727273, 0.7272727272727273, 0.7272727272727273, 0.7272727272727273, 0.7272727272727273],