{"train_loss": [1.5800702174504597, 1.517150600751241, 1.4635773499806721, 1.3866792917251587, 1.2919150988260906, 1.1577134529749553, 1.0472618142763774, 1.0928866863250732, 1.000238259633382, 0.9390649795532227, 0.8980316122372946, 0.8505334059397379, 0.7853635549545288, 0.7186004122098287, 0.652772585550944, 0.6248195966084799, 0.5627652605374655, 0.5155717929204305, 0.4792376657327016, 0.45792985955874127, 0.4063580830891927, 0.3508100112279256, 0.3733450373013814, 0.3022291362285614, 0.2829072177410126, 0.27065683901309967, 0.2654820481936137, 0.24260833859443665, 0.25835559765497845, 0.21842759102582932, 0.27333422501881915, 0.20151564478874207, 0.2011460562547048, 0.2370170553525289, 0.24672948817412058, 0.2328593134880066, 0.5300225714842478, 0.22954907516638437, 0.28318485617637634, 0.29757575194040936, 0.30264267325401306, 0.23844664295514426, 0.21500061452388763, 0.19110378623008728, 0.1762110342582067, 0.15824983020623526, 0.1511885647972425, 0.126111368338267, 0.1331551025311152, 0.11978579312562943, 0.11356768012046814, 0.10169057796398799, 0.09685192257165909, 0.088773462921381, 0.08725898340344429, 0.07512371117870013, 0.06992191821336746, 0.0671644185980161, 0.07233678797880809, 0.050888016199072204, 0.042280404518047966, 0.03864887791375319, 0.034895084177454315, 0.028068377325932186, 0.024255582441886265, 0.02263207547366619, 0.02188800772031148, 0.019779978940884273, 0.018670547753572464, 0.01806258161862691, 0.016892068088054657, 0.01580894427994887, 0.014819367788732052, 0.013646254315972328, 0.013482339369753996, 0.012835886018971602, 0.011942694274087748, 0.011769167147576809, 0.010660672249893347, 0.01046424669524034, 0.010008875746279955, 0.009646517069389423, 0.009888966257373491, 0.008977799986799559, 0.008588776302834352, 0.008783152016500631, 0.008515864610671997, 0.00850715364019076, 0.007685979983458917, 0.0073265740647912025], "test_loss": [1.5802795886993408, 1.540309190750122, 1.4950462579727173, 1.4325389862060547, 1.3407206535339355, 1.2401660680770874, 1.1951484680175781, 1.2278364896774292, 1.3386940956115723, 1.1522173881530762, 1.124818205833435, 1.103081226348877, 1.0849969387054443, 1.039398193359375, 0.9974033236503601, 0.9337759613990784, 0.9418650269508362, 0.9499189853668213, 0.9317101836204529, 0.8711589574813843, 0.8479136824607849, 0.7821205258369446, 0.7838649749755859, 0.8116713166236877, 0.7926056385040283, 0.752107560634613, 0.7212240695953369, 0.7004647850990295, 0.6629647612571716, 0.6702050566673279, 0.6463142037391663, 0.6109828352928162, 0.9913551807403564, 0.6803597807884216, 0.6087570786476135, 0.7787862420082092, 0.6320928931236267, 0.6888106465339661, 0.7218943238258362, 0.742133378982544, 0.6890752911567688, 0.7179804444313049, 0.7481030821800232, 0.7384337782859802, 0.7268925309181213, 0.7229443192481995, 0.7233861684799194, 0.7128545641899109, 0.7054891586303711, 0.6999919414520264, 0.7026717066764832, 0.7114056348800659, 0.7164630889892578, 0.7209535837173462, 0.7218574285507202, 0.72017502784729, 0.7192692160606384, 0.7205184102058411, 0.7223727703094482, 0.7198455929756165, 0.7241314649581909, 0.7211814522743225, 0.714846670627594, 0.7036963105201721, 0.699633002281189, 0.6981282830238342, 0.6975343227386475, 0.6968303918838501, 0.695686399936676, 0.6944577097892761, 0.6906219124794006, 0.6896202564239502, 0.6885511875152588, 0.6875696182250977, 0.6871376037597656, 0.6868482828140259, 0.687018632888794, 0.6873685717582703, 0.6881669759750366, 0.6891165375709534, 0.689910352230072, 0.6907305121421814, 0.6914791464805603, 0.6921420693397522, 0.6925845742225647, 0.692574143409729, 0.6926159262657166, 0.6929152607917786, 0.69344562292099, 0.6936514377593994], "train_acc": [0.35714285714285715, 0.5, 0.5, 0.4880952380952381, 0.5, 0.5357142857142857, 0.5476190476190477, 0.5238095238095238, 0.5357142857142857, 0.6071428571428571, 0.6190476190476191, 0.6904761904761905, 0.7142857142857143, 0.7261904761904762, 0.7619047619047619, 0.7380952380952381, 0.7261904761904762, 0.7619047619047619, 0.7619047619047619, 0.7738095238095238, 0.8214285714285714, 0.8571428571428571, 0.8452380952380952, 0.8690476190476191, 0.8928571428571429, 0.8690476190476191, 0.8809523809523809, 0.8809523809523809, 0.9285714285714286, 0.9166666666666666, 0.9047619047619048, 0.9166666666666666, 0.9285714285714286, 0.9404761904761905, 0.9285714285714286, 0.9166666666666666, 0.7857142857142857, 0.9166666666666666, 0.9047619047619048, 0.8809523809523809, 0.8809523809523809, 0.9166666666666666, 0.9285714285714286, 0.9523809523809523, 0.9404761904761905, 0.9404761904761905, 0.9404761904761905, 0.9404761904761905, 0.9642857142857143, 0.9642857142857143, 0.9642857142857143, 0.9642857142857143, 0.9642857142857143, 0.9642857142857143, 0.9642857142857143, 0.9642857142857143, 0.9761904761904762, 0.9761904761904762, 0.9761904761904762, 0.9880952380952381, 1.0, 1.0, 1.0, 1.0, 1.0, 1.0, 1.0, 1.0, 1.0, 1.0, 1.0, 1.0, 1.0, 1.0, 1.0, 1.0, 1.0, 1.0, 1.0, 1.0, 1.0, 1.0, 1.0, 1.0, 1.0, 1.0, 1.0, 1.0, 1.0, 1.0], "test_acc": [0.36363636363636365, 0.3181818181818182, 0.36363636363636365, 0.3181818181818182, 0.4090909090909091, 0.36363636363636365, 0.45454545454545453, 0.4090909090909091, 0.4090909090909091, 0.5, 0.5, 0.5454545454545454, 0.5454545454545454, 0.6363636363636364, 0.5909090909090909, 0.7272727272727273, 0.6818181818181818, 0.5454545454545454, 0.5909090909090909, 0.6363636363636364, 0.6363636363636364, 0.7272727272727273, 0.7272727272727273, 0.7272727272727273, 0.6818181818181818, 0.7727272727272727, 0.8181818181818182, 0.7272727272727273, 0.8181818181818182, 0.7727272727272727, 0.8181818181818182, 0.8636363636363636, 0.7727272727272727, 0.7272727272727273, 0.8181818181818182, 0.7272727272727273, 0.8181818181818182, 0.8181818181818182, 0.7272727272727273, 0.7272727272727273, 0.8181818181818182, 0.7727272727272727, 0.7727272727272727, 0.7727272727272727, 0.7727272727272727, 0.7727272727272727, 0.7727272727272727, 0.7727272727272727, 0.8181818181818182, 0.7727272727272727, 0.7727272727272727, 0.7727272727272727, 0.7727272727272727, 0.7727272727272727, 0.7727272727272727, 0.7727272727272727, 0.7727272727272727, 0.7727272727272727, 0.7727272727272727, 0.7727272727272727, 0.7727272727272727, 0.7727272727272727, 0.7727272727272727, 0.7727272727272727, 0.7727272727272727, 0.7727272727272727, 0.7727272727272727, 0.7727272727272727, 0.7727272727272727, 0.7727272727272727, 0.7727272727272727, 0.7727272727272727, 0.7727272727272727, 0.7727272727272727, 0.7727272727272727, 0.7727272727272727, 0.7727272727272727, 0.7727272727272727, 0.7727272727272727, 0.7727272727272727, 0.7727272727272727, 0.7727272727272727, 0.7727272727272727, 0.7727272727272727, 0.7727272727272727, 0.7727272727272727, 0.7727272727272727, 0.7727272727272727, 0.7727272727272727, 0.7727272727272727],