{"train_loss": [1.6058574517567952, 1.5735924243927002, 1.532185673713684, 1.4957264264424641, 1.45070481300354, 1.3808012008666992, 1.332341194152832, 1.2629282474517822, 1.179185390472412, 1.0718093315760295, 1.055733323097229, 0.9529409805933634, 0.8658386667569479, 0.7675115068753561, 0.774293045202891, 0.6803415815035502, 0.6537613272666931, 0.6567363639672598, 0.6756148934364319, 0.5090994338194529, 0.48498426874478656, 0.4554002682367961, 0.4697120984395345, 0.45157716671625775, 0.4260701537132263, 0.39139699935913086, 0.41666581233342487, 0.4261738955974579, 0.4295469621817271, 0.405948410431544, 0.39899441599845886, 0.3678036729494731, 0.32058337330818176, 0.3408904621998469, 0.2975866198539734, 0.28686120609442395, 0.25007307529449463, 0.2434733659029007, 0.23368090887864432, 0.26020975907643634, 0.3158520311117172, 0.36499924461046857, 0.31045254568258923, 0.2427197347084681, 0.30945860346158344, 0.3412535587946574, 0.32472432653109234, 0.24893095095952353, 0.2186384598414103, 0.24061481157938638, 0.2002374231815338, 0.2596116065979004, 0.21841518580913544, 0.21854920188585916, 0.333128164211909, 0.23106375336647034, 0.2015229562918345, 0.2028724898894628, 0.3678828378518422, 0.2810519238313039, 0.2389557957649231, 0.5509231487909952, 0.6573529442151388, 0.6001880466938019, 0.4873865842819214, 0.4530079861481984, 0.4561980366706848, 0.3976825575033824, 0.36299237608909607, 0.35705187916755676, 0.35255036254723865, 0.31249527136484784, 0.30180418491363525, 0.2905341287453969, 0.2668149669965108, 0.2638265738884608, 0.23643570144971213, 0.2397062877813975, 0.1989656239748001, 0.19302131732304892, 0.17806852608919144, 0.16559762756029764, 0.17250099778175354, 0.16426463425159454, 0.15619622667630514, 0.14621649930874506, 0.1336819753050804, 0.11705110718806584, 0.10696335261066754, 0.09769800429542859], "test_loss": [1.5761051177978516, 1.5453498363494873, 1.516798496246338, 1.487762451171875, 1.4582325220108032, 1.4366127252578735, 1.4294075965881348, 1.3944634199142456, 1.3659414052963257, 1.4052553176879883, 1.3637614250183105, 1.3586342334747314, 1.231472134590149, 1.1488207578659058, 1.1374207735061646, 1.2094382047653198, 1.1149120330810547, 1.0676242113113403, 1.067489504814148, 1.013425350189209, 1.0924499034881592, 0.9662425518035889, 0.9529561996459961, 1.0059611797332764, 1.0448161363601685, 0.911936342716217, 1.2966026067733765, 1.2699637413024902, 0.9629706740379333, 0.9501119256019592, 0.940678596496582, 0.9252475500106812, 1.060905933380127, 1.1300978660583496, 1.0941739082336426, 1.154032588005066, 1.2148449420928955, 1.2466315031051636, 1.2879143953323364, 1.376826524734497, 1.4939552545547485, 1.650251865386963, 1.2852145433425903, 1.3110432624816895, 1.3347035646438599, 1.2923592329025269, 1.2083646059036255, 1.226251482963562, 1.3824957609176636, 1.1583822965621948, 1.2680803537368774, 1.048788070678711, 1.5044125318527222, 1.559860110282898, 1.595948338508606, 0.9916812777519226, 0.6226004958152771, 0.7087980508804321, 0.9675806164741516, 1.1252936124801636, 1.4345895051956177, 1.7674938440322876, 1.2149196863174438, 1.1064651012420654, 1.0978550910949707, 1.0537132024765015, 1.005056381225586, 0.9141521453857422, 0.8181810975074768, 0.7861290574073792, 0.7642381191253662, 0.7589247226715088, 0.760188102722168, 0.7613171935081482, 0.7669129967689514, 0.7736526131629944, 0.7848309874534607, 0.7918412685394287, 0.8048847317695618, 0.8263839483261108, 0.8532768487930298, 0.8762527108192444, 0.8883752822875977, 0.9124689698219299, 0.9263901114463806, 0.9340331554412842, 0.9353553652763367, 0.9451738595962524, 0.9779252409934998, 1.0188755989074707], "train_acc": [0.2619047619047619, 0.42857142857142855, 0.4523809523809524, 0.5119047619047619, 0.5357142857142857, 0.5833333333333334, 0.5952380952380952, 0.5833333333333334, 0.6190476190476191, 0.7261904761904762, 0.6904761904761905, 0.7142857142857143, 0.7142857142857143, 0.7142857142857143, 0.7261904761904762, 0.7142857142857143, 0.7380952380952381, 0.75, 0.7023809523809523, 0.7738095238095238, 0.7619047619047619, 0.8095238095238095, 0.8095238095238095, 0.8214285714285714, 0.8095238095238095, 0.8214285714285714, 0.8333333333333334, 0.8571428571428571, 0.8690476190476191, 0.8452380952380952, 0.8690476190476191, 0.8690476190476191, 0.8690476190476191, 0.8809523809523809, 0.8928571428571429, 0.8928571428571429, 0.9166666666666666, 0.9047619047619048, 0.9166666666666666, 0.9166666666666666, 0.9047619047619048, 0.8690476190476191, 0.8809523809523809, 0.9047619047619048, 0.8928571428571429, 0.8928571428571429, 0.8809523809523809, 0.9166666666666666, 0.9285714285714286, 0.9047619047619048, 0.9166666666666666, 0.8928571428571429, 0.9285714285714286, 0.9285714285714286, 0.9285714285714286, 0.8809523809523809, 0.9166666666666666, 0.9523809523809523, 0.9523809523809523, 0.9404761904761905, 0.9166666666666666, 0.8333333333333334, 0.7619047619047619, 0.75, 0.7738095238095238, 0.8095238095238095, 0.8214285714285714, 0.8214285714285714, 0.8333333333333334, 0.8690476190476191, 0.8809523809523809, 0.9047619047619048, 0.9285714285714286, 0.9285714285714286, 0.9285714285714286, 0.9404761904761905, 0.9404761904761905, 0.9523809523809523, 0.9523809523809523, 0.9523809523809523, 0.9642857142857143, 0.9642857142857143, 0.9523809523809523, 0.9642857142857143, 0.9642857142857143, 0.9642857142857143, 0.9642857142857143, 0.9642857142857143, 0.9761904761904762, 0.9880952380952381], "test_acc": [0.36363636363636365, 0.3181818181818182, 0.4090909090909091, 0.4090909090909091, 0.5, 0.5454545454545454, 0.45454545454545453, 0.5909090909090909, 0.5909090909090909, 0.5454545454545454, 0.6818181818181818, 0.5454545454545454, 0.6818181818181818, 0.5909090909090909, 0.6818181818181818, 0.6363636363636364, 0.6363636363636364, 0.6818181818181818, 0.7272727272727273, 0.6818181818181818, 0.7272727272727273, 0.7272727272727273, 0.7272727272727273, 0.7272727272727273, 0.6818181818181818, 0.6818181818181818, 0.5909090909090909, 0.6363636363636364, 0.6363636363636364, 0.6363636363636364, 0.7272727272727273, 0.6818181818181818, 0.7272727272727273, 0.6818181818181818, 0.6818181818181818, 0.7272727272727273, 0.6818181818181818, 0.7272727272727273, 0.6818181818181818, 0.6818181818181818, 0.6818181818181818, 0.6363636363636364, 0.6818181818181818, 0.6363636363636364, 0.5909090909090909, 0.5909090909090909, 0.6818181818181818, 0.6818181818181818, 0.6818181818181818, 0.7727272727272727, 0.7727272727272727, 0.7727272727272727, 0.6363636363636364, 0.6363636363636364, 0.6818181818181818, 0.7727272727272727, 0.9090909090909091, 0.8181818181818182, 0.7727272727272727, 0.7727272727272727, 0.7272727272727273, 0.6818181818181818, 0.7272727272727273, 0.7272727272727273, 0.7272727272727273, 0.7727272727272727, 0.7727272727272727, 0.7727272727272727, 0.7727272727272727, 0.7272727272727273, 0.7272727272727273, 0.7727272727272727, 0.8181818181818182, 0.8181818181818182, 0.8181818181818182, 0.8181818181818182, 0.8181818181818182, 0.7727272727272727, 0.7727272727272727, 0.7727272727272727, 0.7727272727272727, 0.7727272727272727, 0.7727272727272727, 0.7727272727272727, 0.7727272727272727, 0.7727272727272727, 0.7727272727272727, 0.7727272727272727, 0.7727272727272727, 0.7727272727272727],