{"train_loss": [1.600008527437846, 1.575486699740092, 1.5463964541753132, 1.5173921187718709, 1.4779157241185505, 1.4225302537282307, 1.3103516101837158, 1.1936574379603069, 1.0841567913691204, 1.037537415822347, 0.9814679423967997, 0.9048042098681132, 0.8758518298467001, 0.8445752461751302, 0.7882205843925476, 0.7469963232676188, 0.7480218410491943, 0.72698974609375, 0.7009404500325521, 0.7004115780194601, 0.6722304423650106, 0.6497237881024679, 0.6404218673706055, 0.6238319675127665, 0.6153670946756998, 0.5818077425161997, 0.5991975565751394, 0.5838617185751597, 0.5530551075935364, 0.5375587344169617, 0.551847239335378, 0.5729826192061106, 0.5941582719484965, 0.6087144811948141, 0.5354166527589163, 0.5406434237957001, 0.597542921702067, 0.5346847772598267, 0.5531447331110636, 0.5930229723453522, 1.8083462715148926, 1.258860985438029, 0.5866064329942068, 0.5458735028902689, 0.5765909353892008, 0.5312179525693258, 0.5350000262260437, 0.5285771091779073, 0.5341939727465311, 0.5019228458404541, 0.48848028977711994, 0.45790761709213257, 0.420596718788147, 0.43579965829849243, 0.4839426080385844, 0.4413917362689972, 0.42247698704401654, 0.41364999612172443, 0.3934081395467122, 0.3844972550868988, 0.5088299810886383, 0.5294933319091797, 0.48180676500002545, 0.4258160392443339, 0.41982563336690265, 0.45861820379892987, 0.5768550535043081, 0.4615093966325124, 0.4474551280339559, 0.40108699599901837, 0.3760776122411092, 0.3492765525976817, 0.33326299488544464, 0.3582725524902344, 0.37530866265296936, 0.36567826569080353, 0.3554386595884959, 0.38079550862312317, 0.3388579487800598, 0.31156444549560547, 0.2859174311161041, 0.2693142890930176, 0.2553934504588445, 0.2391988088687261, 0.25422048568725586, 0.19316414992014566, 0.17944021026293436, 0.19228374461332956, 0.2242686152458191, 0.2129458487033844], "test_loss": [1.5875240564346313, 1.5704995393753052, 1.5518330335617065, 1.5271130800247192, 1.49225652217865, 1.4396389722824097, 1.3480933904647827, 1.283631443977356, 1.2402864694595337, 1.1835061311721802, 1.2089042663574219, 1.1721657514572144, 1.216281533241272, 1.2068198919296265, 1.2217146158218384, 1.2365199327468872, 1.2265808582305908, 1.1623725891113281, 1.1451393365859985, 1.0770400762557983, 1.0547960996627808, 1.0419044494628906, 1.0229142904281616, 1.3125964403152466, 1.3172496557235718, 1.0693663358688354, 1.0449142456054688, 1.0253273248672485, 1.108360767364502, 1.1046061515808105, 1.077544093132019, 1.0344387292861938, 1.0516186952590942, 1.0018442869186401, 0.9195114374160767, 0.9883594512939453, 0.933762788772583, 1.069178819656372, 0.9249069690704346, 1.4871231317520142, 2.039491891860962, 1.1259368658065796, 0.8683573007583618, 0.9125962853431702, 0.9613136053085327, 0.9840585589408875, 0.9395323395729065, 0.9004882574081421, 1.0324639081954956, 1.0570534467697144, 0.996259868144989, 0.9789326190948486, 1.00006103515625, 0.9924137592315674, 0.9799875617027283, 0.9369192719459534, 1.0599528551101685, 0.990177571773529, 0.9948133230209351, 1.67939031124115, 1.0612365007400513, 0.7395395636558533, 0.9629852771759033, 0.8380776047706604, 0.8486873507499695, 0.7065339684486389, 1.0311986207962036, 0.7212751507759094, 0.7290590405464172, 0.7013307213783264, 0.6602875590324402, 0.6543289422988892, 0.6418600678443909, 0.6658955812454224, 0.7612890601158142, 0.7106800675392151, 0.784763514995575, 0.7123274803161621, 0.6781368851661682, 0.6705383658409119, 0.6931787729263306, 0.6985762119293213, 0.6987345218658447, 0.7196903824806213, 0.6896023154258728, 0.6153951287269592, 0.6447332501411438, 0.6663082838058472, 0.7270944118499756, 0.6348500847816467], "train_acc": [0.25, 0.32142857142857145, 0.4166666666666667, 0.5, 0.5952380952380952, 0.5833333333333334, 0.5595238095238095, 0.42857142857142855, 0.5238095238095238, 0.5476190476190477, 0.5595238095238095, 0.5595238095238095, 0.6071428571428571, 0.6071428571428571, 0.6428571428571429, 0.6428571428571429, 0.6547619047619048, 0.6547619047619048, 0.6547619047619048, 0.6428571428571429, 0.6666666666666666, 0.6547619047619048, 0.6547619047619048, 0.6785714285714286, 0.6904761904761905, 0.6904761904761905, 0.7142857142857143, 0.7023809523809523, 0.7380952380952381, 0.75, 0.7380952380952381, 0.7142857142857143, 0.7023809523809523, 0.7619047619047619, 0.75, 0.7142857142857143, 0.7261904761904762, 0.7380952380952381, 0.7380952380952381, 0.7380952380952381, 0.5833333333333334, 0.7023809523809523, 0.7976190476190477, 0.7380952380952381, 0.7380952380952381, 0.75, 0.7261904761904762, 0.7380952380952381, 0.7261904761904762, 0.7380952380952381, 0.7738095238095238, 0.7976190476190477, 0.8095238095238095, 0.8214285714285714, 0.8214285714285714, 0.8452380952380952, 0.8571428571428571, 0.8333333333333334, 0.8333333333333334, 0.8571428571428571, 0.8333333333333334, 0.8214285714285714, 0.7619047619047619, 0.7380952380952381, 0.7738095238095238, 0.7857142857142857, 0.8095238095238095, 0.8333333333333334, 0.8571428571428571, 0.8452380952380952, 0.8452380952380952, 0.8571428571428571, 0.8690476190476191, 0.8571428571428571, 0.8452380952380952, 0.7857142857142857, 0.8571428571428571, 0.8690476190476191, 0.8690476190476191, 0.8928571428571429, 0.9047619047619048, 0.9285714285714286, 0.9285714285714286, 0.9285714285714286, 0.8809523809523809, 0.9404761904761905, 0.9642857142857143, 0.9761904761904762, 0.9285714285714286, 0.9166666666666666], "test_acc": [0.3181818181818182, 0.45454545454545453, 0.5454545454545454, 0.5454545454545454, 0.5, 0.5454545454545454, 0.4090909090909091, 0.36363636363636365, 0.5, 0.5, 0.5, 0.5454545454545454, 0.5454545454545454, 0.5454545454545454, 0.5, 0.5, 0.5, 0.5, 0.5, 0.5454545454545454, 0.5454545454545454, 0.5454545454545454, 0.5909090909090909, 0.5454545454545454, 0.5, 0.5909090909090909, 0.5909090909090909, 0.5909090909090909, 0.5909090909090909, 0.5909090909090909, 0.5454545454545454, 0.5, 0.5909090909090909, 0.5, 0.5, 0.5, 0.5454545454545454, 0.45454545454545453, 0.5454545454545454, 0.5454545454545454, 0.5, 0.5, 0.6818181818181818, 0.5909090909090909, 0.5909090909090909, 0.5909090909090909, 0.5909090909090909, 0.6818181818181818, 0.6363636363636364, 0.6363636363636364, 0.6363636363636364, 0.6818181818181818, 0.6818181818181818, 0.6818181818181818, 0.6818181818181818, 0.6818181818181818, 0.5454545454545454, 0.5454545454545454, 0.5454545454545454, 0.5909090909090909, 0.6363636363636364, 0.7727272727272727, 0.6363636363636364, 0.6818181818181818, 0.7727272727272727, 0.7272727272727273, 0.6363636363636364, 0.6818181818181818, 0.6818181818181818, 0.7272727272727273, 0.7272727272727273, 0.7272727272727273, 0.7272727272727273, 0.7272727272727273, 0.7727272727272727, 0.8181818181818182, 0.5909090909090909, 0.6818181818181818, 0.7272727272727273, 0.7727272727272727, 0.7272727272727273, 0.7727272727272727, 0.8181818181818182, 0.8181818181818182, 0.8181818181818182, 0.8636363636363636, 0.8636363636363636, 0.8181818181818182, 0.7727272727272727, 0.8636363636363636],